{"cameraMode":{"drawMode":0,"name":"Shaded","section":"Shading Mode"},"sceneLighting":false,"audioPlay":false,"sceneViewState":{"showFog":true,"showMaterialUpdate":false,"showSkybox":false,"showFlares":true,"showImageEffects":true,"showParticleSystems":true},"in2DMode":false,"pivot":{"x":-0.11899995803833008,"y":3.648500442504883,"z":8.54949951171875},"rotation":{"x":0.11416089534759522,"y":-0.8857874274253845,"z":0.3126479685306549,"w":0.3234458565711975},"size":25.058792114257814,"orthographic":false}