{"cameraMode":{"drawMode":0,"name":"Shaded","section":"Shading Mode"},"sceneLighting":true,"audioPlay":false,"sceneViewState":{"showFog":true,"showMaterialUpdate":false,"showSkybox":true,"showFlares":true,"showImageEffects":true,"showParticleSystems":true},"in2DMode":false,"pivot":{"x":1.474772334098816,"y":0.5856924653053284,"z":-0.6793639063835144},"rotation":{"x":0.10217442363500595,"y":0.3230169713497162,"z":-0.035331133753061298,"w":0.9402700662612915},"size":1.9521318674087525,"orthographic":false}