{"cameraMode":{"drawMode":0,"name":"Shaded","section":"Shading Mode"},"sceneLighting":true,"audioPlay":false,"sceneViewState":{"showFog":true,"showMaterialUpdate":false,"showSkybox":true,"showFlares":true,"showImageEffects":true,"showParticleSystems":true},"in2DMode":false,"pivot":{"x":0.31043386459350588,"y":0.48183393478393557,"z":-0.3798271417617798},"rotation":{"x":-0.07526334375143051,"y":0.44921600818634035,"z":-0.03778676688671112,"w":-0.8894606828689575},"size":3.207301378250122,"orthographic":false}