{"cameraMode":{"drawMode":0,"name":"Shaded","section":"Shading Mode"},"sceneLighting":true,"audioPlay":false,"sceneViewState":{"showFog":true,"showMaterialUpdate":false,"showSkybox":true,"showFlares":true,"showImageEffects":true,"showParticleSystems":true},"in2DMode":false,"pivot":{"x":-5.0289764404296879,"y":0.4848761260509491,"z":0.724544882774353},"rotation":{"x":0.14312930405139924,"y":-0.4078311324119568,"z":0.06490814685821533,"w":0.8994655609130859},"size":4.893226146697998,"orthographic":false}