{"cameraMode":{"drawMode":0,"name":"Shaded","section":"Shading Mode"},"sceneLighting":false,"audioPlay":false,"sceneViewState":{"showFog":true,"showMaterialUpdate":false,"showSkybox":false,"showFlares":true,"showImageEffects":true,"showParticleSystems":true},"in2DMode":false,"pivot":{"x":-6.215000152587891,"y":-0.9959999918937683,"z":-2.181999921798706},"rotation":{"x":0.11441580951213837,"y":-0.41508933901786806,"z":0.052718814462423328,"w":0.9010537266731262},"size":4.137545585632324,"orthographic":false}