{"cameraMode":{"drawMode":0,"name":"Shaded","section":"Shading Mode"},"sceneLighting":false,"audioPlay":false,"sceneViewState":{"showFog":true,"showMaterialUpdate":false,"showSkybox":false,"showFlares":true,"showImageEffects":true,"showParticleSystems":true},"in2DMode":false,"pivot":{"x":-14.64799976348877,"y":-0.14190006256103517,"z":-11.348999977111817},"rotation":{"x":0.11416089534759522,"y":-0.8857874274253845,"z":0.3126479685306549,"w":0.3234458565711975},"size":9.025558471679688,"orthographic":false}