{"cameraMode":{"drawMode":0,"name":"Shaded","section":"Shading Mode"},"sceneLighting":true,"audioPlay":false,"sceneViewState":{"showFog":true,"showMaterialUpdate":false,"showSkybox":true,"showFlares":true,"showImageEffects":true,"showParticleSystems":true},"in2DMode":false,"pivot":{"x":-5.986144065856934,"y":-0.24538147449493409,"z":0.737866222858429},"rotation":{"x":0.08382844924926758,"y":-0.5862830281257629,"z":0.06095055490732193,"w":0.8036463856697083},"size":3.701127052307129,"orthographic":false}