{"cameraMode":{"drawMode":0,"name":"Shaded","section":"Shading Mode"},"sceneLighting":true,"audioPlay":false,"sceneViewState":{"showFog":true,"showMaterialUpdate":false,"showSkybox":true,"showFlares":true,"showImageEffects":true,"showParticleSystems":true},"in2DMode":false,"pivot":{"x":-4.929997444152832,"y":0.5891275405883789,"z":0.06247514486312866},"rotation":{"x":0.04119405895471573,"y":-0.41526079177856448,"z":0.018830500543117524,"w":0.908592700958252},"size":3.160024642944336,"orthographic":false}